Workbook

Sheet Épicas
A1: Épicas del producto
A2: Rumbo SIMCE — Cliente Triskel Edu · Capstone (PTY4614)
A4: ID | B4: Épica | C4: Descripción | D4: Casos de uso | E4: N° HU | F4: Story points
A5: EP-01 | B5: Acceso y gestión de usuarios | C5: Autenticación por rol, gestión de perfiles y resguardos básicos de seguridad de la cuenta. | D5: CU-01, CU-02 | E5: =COUNTIF('Backlog HU'!B:B,A5) -> 7 | F5: =SUMIF('Backlog HU'!B:B,A5,'Backlog HU'!I:I) -> 17
A6: EP-02 | B6: Experiencia de juego y progresión | C6: Mapa de islas, misiones cortas, respuesta de preguntas, recompensas y visualización de avance del estudiante. | D6: CU-03, CU-04, CU-05, CU-07 | E6: =COUNTIF('Backlog HU'!B:B,A6) -> 11 | F6: =SUMIF('Backlog HU'!B:B,A6,'Backlog HU'!I:I) -> 43
A7: EP-03 | B7: Motor adaptativo e inteligencia artificial | C7: Retroalimentación inmediata, calibración de dificultad, detección de patrones de error y reexplicación alternativa. | D7: CU-06, CU-08, CU-09 | E7: =COUNTIF('Backlog HU'!B:B,A7) -> 8 | F7: =SUMIF('Backlog HU'!B:B,A7,'Backlog HU'!I:I) -> 43
A8: EP-04 | B8: Vinculación y protección de datos | C8: Vinculación apoderado-estudiante y registro trazable del consentimiento conforme a la Ley N° 21.719. | D8: CU-10, CU-11 | E8: =COUNTIF('Backlog HU'!B:B,A8) -> 5 | F8: =SUMIF('Backlog HU'!B:B,A8,'Backlog HU'!I:I) -> 20
A9: EP-05 | B9: Reportes y analítica | C9: Paneles diferenciados de progreso para apoderado y docente, con alertas y diagnóstico grupal. | D9: CU-12, CU-13 | E9: =COUNTIF('Backlog HU'!B:B,A9) -> 6 | F9: =SUMIF('Backlog HU'!B:B,A9,'Backlog HU'!I:I) -> 26
D10: TOTAL | E10: =SUM(E5:E9) -> 37 | F10: =SUM(F5:F9) -> 149

Sheet Lista de C.U.
A1: Lista de casos de uso
A2: Trazabilidad entre casos de uso, requerimientos, épicas e historias de usuario
A4: ID | B4: Caso de uso | C4: Actores | D4: RF asociados | E4: Épica | F4: N° HU | G4: Story points
A5: CU-01 | B5: Iniciar sesión | C5: Estudiante, Apoderado, Docente | D5: RF10 | E5: EP-01 | F5: =COUNTIF('Backlog HU'!C:C,A5) -> 4 | G5: =SUMIF('Backlog HU'!C:C,A5,'Backlog HU'!I:I) -> 10
A6: CU-02 | B6: Gestionar perfil | C6: Estudiante, Apoderado, Docente | D6: RF10 | E6: EP-01 | F6: =COUNTIF('Backlog HU'!C:C,A6) -> 3 | G6: =SUMIF('Backlog HU'!C:C,A6,'Backlog HU'!I:I) -> 7
A7: CU-03 | B7: Avanzar en el mapa de islas | C7: Estudiante | D7: RF01, RF06 | E7: EP-02 | F7: =COUNTIF('Backlog HU'!C:C,A7) -> 3 | G7: =SUMIF('Backlog HU'!C:C,A7,'Backlog HU'!I:I) -> 11
A8: CU-04 | B8: Jugar misión | C8: Estudiante | D8: RF01, RF02, RF06, RF09 | E8: EP-02 | F8: =COUNTIF('Backlog HU'!C:C,A8) -> 3 | G8: =SUMIF('Backlog HU'!C:C,A8,'Backlog HU'!I:I) -> 14
A9: CU-05 | B9: Responder pregunta | C9: Estudiante | D9: RF02, RF04 | E9: EP-02 | F9: =COUNTIF('Backlog HU'!C:C,A9) -> 3 | G9: =SUMIF('Backlog HU'!C:C,A9,'Backlog HU'!I:I) -> 13
A10: CU-06 | B10: Recibir retroalimentación y ajuste de dificultad | C10: Estudiante, Servicio de IA | D10: RF03, RF04 | E10: EP-03 | F10: =COUNTIF('Backlog HU'!C:C,A10) -> 3 | G10: =SUMIF('Backlog HU'!C:C,A10,'Backlog HU'!I:I) -> 16
A11: CU-07 | B11: Ver progreso y recompensas | C11: Estudiante | D11: RF06, RF09 | E11: EP-02 | F11: =COUNTIF('Backlog HU'!C:C,A11) -> 2 | G11: =SUMIF('Backlog HU'!C:C,A11,'Backlog HU'!I:I) -> 5
A12: CU-08 | B12: Detectar patrón de error | C12: Servicio de IA | D12: RF05 | E12: EP-03 | F12: =COUNTIF('Backlog HU'!C:C,A12) -> 2 | G12: =SUMIF('Backlog HU'!C:C,A12,'Backlog HU'!I:I) -> 11
A13: CU-09 | B13: Generar reexplicación alternativa | C13: Estudiante, Servicio de IA | D13: RF05 | E13: EP-03 | F13: =COUNTIF('Backlog HU'!C:C,A13) -> 3 | G13: =SUMIF('Backlog HU'!C:C,A13,'Backlog HU'!I:I) -> 16
A14: CU-10 | B14: Vincular estudiante | C14: Apoderado | D14: RF11 | E14: EP-04 | F14: =COUNTIF('Backlog HU'!C:C,A14) -> 2 | G14: =SUMIF('Backlog HU'!C:C,A14,'Backlog HU'!I:I) -> 7
A15: CU-11 | B15: Registrar consentimiento | C15: Apoderado | D15: RF12 | E15: EP-04 | F15: =COUNTIF('Backlog HU'!C:C,A15) -> 3 | G15: =SUMIF('Backlog HU'!C:C,A15,'Backlog HU'!I:I) -> 13
A16: CU-12 | B16: Ver progreso del estudiante | C16: Apoderado | D16: RF07 | E16: EP-05 | F16: =COUNTIF('Backlog HU'!C:C,A16) -> 3 | G16: =SUMIF('Backlog HU'!C:C,A16,'Backlog HU'!I:I) -> 13
A17: CU-13 | B17: Ver progreso del curso | C17: Docente | D17: RF08 | E17: EP-05 | F17: =COUNTIF('Backlog HU'!C:C,A17) -> 3 | G17: =SUMIF('Backlog HU'!C:C,A17,'Backlog HU'!I:I) -> 13
E18: TOTAL | F18: =SUM(F5:F17) -> 37 | G18: =SUM(G5:G17) -> 149

Sheet Backlog HU
A1: Product backlog — historias de usuario
A2: Formato: Como <rol> quiero <funcionalidad> para <beneficio>
A4: ID | B4: Épica | C4: C.U. | D4: Como… (rol) | E4: quiero… (funcionalidad) | F4: para… (beneficio) | G4: Criterios de aceptación | H4: Prioridad | I4: SP | J4: Sprint
A5: HU-01 | B5: EP-01 | C5: CU-01 | D5: Usuario registrado | E5: iniciar sesión con mis credenciales | F5: acceder a las funcionalidades de mi rol | G5: Dado un usuario válido, al ingresar credenciales correctas accede a la pantalla principal de su rol. Credenciales incorrectas muestran mensaje de error sin revelar cuál dato falló. | H5: Alta | I5: 3 | J5: 1
A6: HU-02 | B6: EP-01 | C6: CU-01 | D6: Usuario registrado | E6: recuperar mi contraseña | F6: volver a entrar si la olvido | G6: El sistema envía un enlace de recuperación al correo registrado. El enlace expira tras el plazo definido y solo puede usarse una vez. | H6: Alta | I6: 2 | J6: 1
A7: HU-03 | B7: EP-01 | C7: CU-01 | D7: Estudiante de 4° básico | E7: entrar con un acceso simple y visual | F7: poder ingresar sin ayuda de un adulto | G7: El acceso del estudiante usa íconos grandes y máximo dos pasos. Un niño de 9 años completa el ingreso sin asistencia en la prueba de usabilidad. | H7: Alta | I7: 3 | J7: 2
A8: HU-04 | B8: EP-01 | C8: CU-01 | D8: Responsable del sistema | E8: que la cuenta se bloquee tras varios intentos fallidos | F8: proteger las cuentas de accesos no autorizados | G8: Tras el número de intentos configurado la cuenta se bloquea temporalmente y se informa el tiempo de espera. El bloqueo queda registrado. | H8: Media | I8: 2 | J8: 1
A9: HU-05 | B9: EP-01 | C9: CU-02 | D9: Usuario autenticado | E9: consultar los datos de mi perfil | F9: verificar que mi información esté correcta | G9: El sistema muestra los datos del perfil según el rol. No se exponen datos de otros usuarios. | H9: Media | I9: 2 | J9: 1
A10: HU-06 | B10: EP-01 | C10: CU-02 | D10: Usuario autenticado | E10: editar los datos de mi perfil | F10: mantener mi información actualizada | G10: Los campos editables dependen del rol. Datos inválidos se marcan y no se guardan. El cambio se confirma en pantalla. | H10: Media | I10: 3 | J10: 1
A11: HU-07 | B11: EP-01 | C11: CU-02 | D11: Estudiante | E11: personalizar mi avatar | F11: sentir que el recorrido es mío | G11: El estudiante selecciona entre las opciones disponibles y el avatar se refleja en el mapa de islas. | H11: Baja | I11: 2 | J11: 3
A12: HU-08 | B12: EP-02 | C12: CU-03 | D12: Estudiante | E12: ver el mapa de islas con mi avance | F12: saber dónde voy y qué me falta | G12: El mapa muestra las cinco islas con su estado: completada, en curso o bloqueada. El estado refleja el avance real registrado por eje. | H12: Alta | I12: 5 | J12: 3
A13: HU-09 | B13: EP-02 | C13: CU-03 | D13: Estudiante | E13: seleccionar una isla y ver sus misiones | F13: elegir qué quiero practicar | G13: Al seleccionar una isla habilitada se listan sus misiones, distinguiendo las completadas de las pendientes. | H13: Alta | I13: 3 | J13: 3
A14: HU-10 | B14: EP-02 | C14: CU-03 | D14: Estudiante | E14: desbloquear una isla nueva al cumplir el requisito | F14: tener una meta clara que perseguir | G14: Al cumplir el requisito definido, la isla siguiente cambia a estado habilitado y se informa al estudiante con una animación breve. | H14: Media | I14: 3 | J14: 3
A15: HU-11 | B15: EP-02 | C15: CU-04 | D15: Estudiante | E15: jugar una misión corta de 5 a 8 minutos | F15: practicar sin cansarme | G15: La misión carga preguntas del eje y nivel correspondientes, registra la sesión con fecha y duración, y cierra con un resumen. La duración media se mantiene en el rango definido. | H15: Alta | I15: 8 | J15: 2
A16: HU-12 | B16: EP-02 | C16: CU-04 | D16: Estudiante | E16: retomar una misión que dejé incompleta | F16: no perder lo que ya había avanzado | G16: Si la aplicación se cierra durante una misión, al reingresar el sistema ofrece continuar desde la última pregunta respondida. | H16: Media | I16: 3 | J16: 3
... A41: HU-37 | B41: EP-05 | C41: CU-13 | D41: Docente | E41: revisar el detalle de un estudiante | F41: apoyar casos puntuales | G41: El detalle individual solo se muestra para estudiantes cuyo apoderado mantiene consentimiento vigente. | H41: Baja | I41: 3 | J41: 7
H42: TOTAL SP | I42: =SUM(I5:I41) -> 149

Sheet Plan de sprints
A1: Planificación por sprint
A2: Sprints de dos semanas — Scrum adaptado al semestre de la asignatura
A4: Sprint | B4: Período | C4: Objetivo del sprint | D4: HU comprometidas | E4: SP | F4: Observaciones
A5: Sprint 0 | B5: Semanas 1-2 | C5: Definición del proyecto, levantamiento con el cliente y validación de requerimientos. | D5: — (entrega documental) | E5: =SUMIF('Backlog HU'!J:J,0,'Backlog HU'!I:I) -> 0
A6: Sprint 1 | B6: Semanas 3-4 | C6: Modelo de datos, API base, autenticación por rol y registro de consentimiento. | D6: HU-01, HU-02, HU-04, HU-05, HU-06, HU-29, HU-30 | E6: =SUMIF('Backlog HU'!J:J,1,'Backlog HU'!I:I) -> 20 | F6: El consentimiento se adelanta al primer sprint porque habilita el tratamiento de datos del estudiante: sin él, los sprints siguientes no pueden persistir datos reales.
A7: Sprint 2 | B7: Semanas 5-6 | C7: Motor de misiones y banco inicial de preguntas por eje. | D7: HU-03, HU-11, HU-14, HU-16 | E7: =SUMIF('Backlog HU'!J:J,2,'Backlog HU'!I:I) -> 21
A8: Sprint 3 | B8: Semanas 7-8 | C8: Mapa de progresión y aplicación móvil del estudiante navegable. | D8: HU-07, HU-08, HU-09, HU-10, HU-12, HU-15, HU-21 | E8: =SUMIF('Backlog HU'!J:J,3,'Backlog HU'!I:I) -> 21
A9: Sprint 4 | B9: Semanas 9-10 | C9: Motor de dificultad adaptativa y retroalimentación inmediata. | D9: HU-13, HU-17, HU-18, HU-19, HU-20 | E9: =SUMIF('Backlog HU'!J:J,4,'Backlog HU'!I:I) -> 22
A10: Sprint 5 | B10: Semanas 11-12 | C10: Detección de patrones de error y reexplicación alternativa. | D10: HU-22, HU-23, HU-24, HU-26 | E10: =SUMIF('Backlog HU'!J:J,5,'Backlog HU'!I:I) -> 22
A11: Sprint 6 | B11: Semanas 13-14 | C11: Vinculación del apoderado y panel de reportes del apoderado. | D11: HU-27, HU-28, HU-31, HU-32, HU-33 | E11: =SUMIF('Backlog HU'!J:J,6,'Backlog HU'!I:I) -> 22
A12: Sprint 7 | B12: Semanas 15-16 | C12: Panel del docente, pruebas con usuarios, correcciones y despliegue. | D12: HU-25, HU-34, HU-35, HU-36, HU-37 | E12: =SUMIF('Backlog HU'!J:J,7,'Backlog HU'!I:I) -> 21 | F12: Las HU de prioridad Baja de este sprint (HU-25, HU-34, HU-37) son las primeras candidatas a postergar si la carga de cierre lo exige.
D13: TOTAL | E13: =SUM(E5:E12) -> 149
A15: Nota metodológica
A16: • Estimación en story points con escala Fibonacci (1, 2, 3, 5, 8). Los valores son relativos entre historias, no equivalen a horas.
A17: • Velocidad objetivo estimada: entre 20 y 22 SP por sprint, ajustable en la primera retrospectiva según la velocidad real medida.
A18: • Los sprints 0 a 7 corresponden a la planificación preliminar declarada en la Tabla 10 del informe de Fase 1.
A19: • Las historias marcadas con prioridad Baja constituyen el margen de ajuste del alcance ante retrasos o solicitudes nuevas del cliente.
A20: • Los criterios de aceptación que dependen de reglas de negocio por confirmar con Triskel Edu están redactados de forma genérica y deben actualizarse tras la reunión de validación.
